{"desktopweb":{"platform":"desktopweb","indexjl":"js","devicemessage":"This device is currently not supported","deviceexception":"Unknown Error Occurred <br/> Contact System Admin","webmanifest":"webmanifest","themecolor":"#004581","appleicon":"kony_76.png","enableProgressiveWeb":"true","importjsfiles":[],"defaultLocale":"en_US","default_locale":"en_US","locales":"[\"en_US\"]","javascripterrormsg":"To use this site, first enable your browser's JavaScript support and then refresh this page.","favicon":"favicon.ico","version":"1.0.0","category":"desktopweb/","bgcolor":"#004581","splashImage":"eventslogokony.png","style":"width:100%; margin: 0px; padding: 0px;","bodyalign":"left","enablexfsdw":false,"enablexfs":"false","isDebug":"false","csslist":[],"jslist":[]},"appconfig":{"buildoption":"debug","applocales":"en_US","spa":"desktopweb","appid":"KonyEvents","devicedblookup":"false","smsecure":"","cacheId":"1563946803106","cacheUrl":"KonyEvents/1563946803106"}}