{
  "name" : "reusableLinkedinLogin",
  "displayName" : "reusableLinkedinLogin",
  "type" : "oauth2",
  "version" : "1.0",
  "metaPreference" : -1,
  "config" : "{\"logout_url\":\"\",\"auth_type\":\"oauth2\",\"additional_data\":{\"refresh_request\":[],\"token_request\":[],\"revoke_request\":[],\"profile_request\":[{\"in\":\"query\",\"source\":\"constant\",\"value\":\"json\",\"key\":\"format\"}],\"authorize_request\":[]},\"grant_type\":\"authorization_code\",\"scope\":\"r_basicprofile r_emailaddress\",\"profile\":{\"profile_attribute_selectors\":{\"federation_id\":\"id\",\"last_name\":\"lastName\",\"custom_profile_attribute_selectors\":{},\"first_name\":\"firstName\",\"email\":\"emailAddress\"},\"endpoint\":{\"location\":\"url\",\"type\":\"direct\",\"value\":\"https://api.linkedin.com/v1/people/~:(id,first-name,last-name,email-address)\"},\"request_method\":\"GET\"},\"authentication_scheme\":\"header\",\"dependent_providers\":[],\"client_authentication\":{\"authentication_scheme\":\"form\",\"client_secret\":\"${myclient_secret}\",\"client_id\":\"${myclient_id}\"},\"oauthProviderType\":\"linkedin\",\"authorization_endpoint\":\"https://www.linkedin.com/oauth/v2/authorization\",\"token_endpoint\":\"https://www.linkedin.com/oauth/v2/accessToken\"}",
  "policyConfig" : "{\"max_login_fail\":5,\"def_user_status\":\"pending\"}",
  "admissionPolicy" : "no_approval_needed",
  "identityMeta" : {
    "allow_sso" : false
  },
  "ssoenabled" : false
}