"CreatedBy","CreatedDateTime","end_date","event_category","event_id","event_type","isdisabled","LastUpdatedBy","LastUpdatedDateTime","long_desc","name","short_desc","SoftDeleteFlag","start_date"
"","'15-May-2019 14:05:07","'22-May-2019 23:30:00","1","1","1","1","","'16-May-2019 06:49:01","Test short description","Test Event","Test short description","true","'22-May-2019 00:00:00"
"","'16-May-2019 06:46:52","'17-May-2019 23:30:00","1","2","1","0","","'16-May-2019 06:49:03","Test Long Description","Test Event","Test Short Description","true","'17-May-2019 00:00:00"
"","'16-May-2019 09:46:34","'05-Sep-2019 20:00:00","5","3","1","0","","'16-May-2019 14:13:29"," Get Inspired: Hear how fellow leaders and professionals are rebuilding their organizations with digital solutions to innovate and drive value. Learn: See how to leverage the full potential of Kony with hands-on platform workshops, developer training and certification.","Kony Accelerate 2019","Get Ahead and Stay Ahead. Join visitors from around the world and experience first-hand how Kony accelerates digital success. Discover: Explore emerging trends in software development – Low-Code, PWA, VR/AI, Cloud, DevOps and more","false","'04-Sep-2019 07:30:00"
"","'17-May-2019 10:32:31","'11-Oct-2019 13:00:00","5","4","1","0","","'17-May-2019 10:40:08","Discover: Explore emerging trends in software development – Low-Code, PWA, VR/AI, Cloud, DevOps and more. Get Inspired: Hear how fellow leaders and professionals are rebuilding their organizations with digital solutions to innovate and drive value. Learn: See how to leverage the full potential of Kony with hands-on platform workshops, developer training and certification.","Kony Technology Conference","Get Ahead and Stay Ahead. Join visitors from around the world and experience first-hand how Kony accelerates digital success.","false","'11-Oct-2019 10:00:00"
