"CreatedBy","CreatedDateTime","event_id","event_session_id","LastUpdatedBy","LastUpdatedDateTime","session_code","session_desc","session_end_date","session_long_desc","session_name","session_start_date","SoftDeleteFlag","session_location","room_no"
"","'16-May-2019 06:48:11","2","1","","'16-May-2019 06:49:03","OFMLKA","Session Desc","'17-May-2019 13:00:00","Session Long Desc","Session1","'17-May-2019 12:00:00","true","Hyatt","Ball Room"
"","'16-May-2019 09:47:45","3","2","","'16-May-2019 09:47:45","9OOY1C","","'04-Sep-2019 08:45:00","","Breakfast and Registration","'04-Sep-2019 07:30:00","","",""
"","'16-May-2019 09:49:59","3","3","","'16-May-2019 09:49:59","52Y1MX","The evolution of digital technology today is never-ending. ","'04-Sep-2019 09:30:00","Our mission is helping our customers keep up with the frenetic pace of digital and how our experience and expertise in the digital space helps companies excel at digital today and into the future.
","Welcome and Kony Vision","'04-Sep-2019 09:00:00","","2nd Floor","Lady Bird BR"
"","'16-May-2019 09:52:19","3","4","","'16-May-2019 09:52:19","H7ZGDT","Hear from Kony's Product Leadership  about the latest product innovation, strategy, functionality and architectural enhancements, now and into the future
","'04-Sep-2019 10:15:00","","Kony Quantum Roadmap","'04-Sep-2019 09:30:00","","2nd Floor","Lady Bird BR"
"","'16-May-2019 09:53:25","3","5","","'16-May-2019 09:53:25","OTRSFA","","'04-Sep-2019 10:45:00","","Break","'04-Sep-2019 10:15:00","","",""
"","'16-May-2019 09:55:52","3","6","","'16-May-2019 09:55:52","VAZPEM","All low-code development platforms promise to speed up the delivery of applications. ","'04-Sep-2019 11:30:00","But, beyond that, application leaders must determine the capabilities that are critical to support their application development needs whether it is for one or two applications or a broader digital transformation strategy.
","Forrester Session: John Rymer on Low-Code Trends","'04-Sep-2019 10:45:00","","1st Floor","Meriwether"
"","'16-May-2019 09:58:06","3","7","","'16-May-2019 09:58:06","ZJJQHS","Innovation is always on. Kony’s modern, mobile-first architecture provides the framework necessary to build relevance into your applications, immediately. ","'04-Sep-2019 12:15:00","In this session, learn-and-leverage approach to digital innovation simplifies next-gen adoption by making technologies like intelligent chatbots, augmented reality (AR), wearables, artificial intelligence (AI), and more, easily accessible.
","Welcome to Kony Quantum with Kony IQ","'04-Sep-2019 11:30:00","","1st Floor","Meriwether"
"","'16-May-2019 09:58:47","3","8","","'16-May-2019 09:58:47","3NLBZJ","","'04-Sep-2019 13:30:00","","Lunch","'04-Sep-2019 12:15:00","","",""
"","'16-May-2019 09:59:47","3","9","","'16-May-2019 09:59:47","54PHSW","End users who build apps, known as citizen developers, need to be embraced and empowered in order to augment the capabilities of IT. ","'04-Sep-2019 15:00:00","Learn how to cultivate talent, encourage practices and promote enabling technologies to scale citizen development effectively.
","Apps for Everyone (Citizen/No Code Dev)","'04-Sep-2019 13:30:00","","1st Floor","Meriwether"
"","'16-May-2019 10:00:19","3","10","","'16-May-2019 10:00:19","EZIX9Z","","'04-Sep-2019 15:30:00","","Break","'04-Sep-2019 15:00:00","","",""
"","'16-May-2019 10:01:28","3","11","","'16-May-2019 10:01:28","BFL3YV","Your core applications provide crucial data and functions for digital business, yet they often have issues with quality and fitness that impede their use. ","'04-Sep-2019 16:15:00","With 100s of applications in your portfolio, how do you decide where to start remediation? This session will equip you to identify and prioritize the best opportunities for improvement in your application portfolio
","Rapid App Dev with Workflow","'04-Sep-2019 15:30:00","","1st Floor","Meriwether"
"","'16-May-2019 10:05:28","3","12","","'16-May-2019 10:05:28","T4HSXG","Hear how Industry leaders are benefiting from the latest innovations, strategies, and functionalities that low-code is providing to their organizations
","'04-Sep-2019 17:00:00","","Roundtable w/ John Rymer and Kony Quantum Customers","'04-Sep-2019 16:15:00","","1st Floor","Meriwether"
"","'16-May-2019 10:05:59","3","13","","'16-May-2019 10:05:59","0UY4BC","","'04-Sep-2019 22:00:00","","Offsite Event and Dinner","'04-Sep-2019 18:00:00","","",""
"","'17-May-2019 10:36:18","4","14","","'17-May-2019 10:36:18","U0HNYP","All low-code development platforms promise to speed up the delivery of applications.","'11-Oct-2019 11:00:00","But, beyond that, application leaders must determine the capabilities that are critical to support their application development needs whether it is for one or two applications or a broader digital transformation strategy.","Forrester Session: Low-Code Trends","'11-Oct-2019 10:00:00","","1st Floor","Lady Bird BR"
"","'17-May-2019 10:38:15","4","15","","'17-May-2019 10:38:15","M9IL99","End users who build apps, known as citizen developers, need to be embraced and empowered in order to augment the capabilities of IT.","'11-Oct-2019 12:00:00","Learn how to cultivate talent, encourage practices and promote enabling technologies to scale citizen development effectively.","Apps for Everyone (Citizen/No Code Dev)","'11-Oct-2019 11:00:00","","1st Floor","Lady Bird BR"
"","'17-May-2019 10:39:52","4","16","","'17-May-2019 10:39:52","4BM7HK","Your core applications provide crucial data and functions for digital business, yet they often have issues with quality and fitness that impede their use.","'11-Oct-2019 13:00:00","With 100s of applications in your portfolio, how do you decide where to start remediation? This session will equip you to identify and prioritize the best opportunities for improvement in your application portfolio.","Rapid App Dev with Workflow","'11-Oct-2019 12:00:00","","1st Floor","Lady Bird BR"
