"CreatedBy","CreatedDateTime","description","forum_dis_id","forum_id","LastUpdatedBy","LastUpdatedDateTime","SoftDeleteFlag","user_id"
"","'16-May-2019 15:38:11","70 percent of the developers with no programming background learned how to build applications with a low-code platform in just one month or less, and 28 percent learned in just two weeks or less.","1","1","","'16-May-2019 15:38:11","","23"
"","'16-May-2019 15:38:36","Low-code platforms offer a visual approach to application development, enabling a spectrum of developers of varied experience to create applications for web and mobile using drag-and-drop components and model-driven logic through a graphic user interface.","2","2","","'16-May-2019 15:38:36","","23"
"","'16-May-2019 15:41:07","It is clear that low-code model-driven development is a language that business developers can understand and communicate. With such a short learning period, the business can quickly collaborate with IT and traditional developers and build applications much more quickly.","3","1","","'16-May-2019 15:41:07","","24"
"","'16-May-2019 15:42:57","1/4 of users are developing robust applications on a low-code platform without having any previous programming experience, and 40 percent of these developers have a background in business.","4","2","","'16-May-2019 15:42:57","","24"
"","'16-May-2019 15:47:13","It is clear from these stats that low-code application development enables non-technical business people to easily turn their ideas into applications, as well as enables traditional software developers to utilize their skills to provide a better development experience for others involved in the application lifecycle by developing reusable code extensions.","5","2","","'16-May-2019 15:47:13","","21"
"","'16-May-2019 16:03:07","Indeed, the spectrum of developers is very high when it comes to low-code development. Almost anyone can develop an app.","6","2","","'17-May-2019 10:43:04","true","23"
"","'26-Jun-2019 11:09:19","Please make use of Kony data panel which accelerates the development.
","7","1","","'26-Jun-2019 11:09:19","","23"
