"addressLine1","cityname","CreatedBy","CreatedDateTime","event_id","LastUpdatedBy","LastUpdatedDateTime","latitude","location","location_id","longitude","SoftDeleteFlag","session_id"
"","Hyderabad","","'15-May-2019 14:05:11","1","","'16-May-2019 06:49:00","17.4485835","Madhapur","1","78.39080349999999","true",""
"Borivali East, Mumbai","MUMBAI","","'16-May-2019 06:46:55","2","","'16-May-2019 06:49:03","19.217073","Flat No - 13E,   A-Wing, Rivali Park","2","72.86489","true",""
"605 Davis Street","Austin","","'16-May-2019 09:46:37","3","","'16-May-2019 09:46:37","30.2600521","Hotel Van Zandt","3","-97.7391114","",""
"605 Davis Street","Austin, TX, 78701","","'17-May-2019 10:32:33","4","","'17-May-2019 10:32:33","30.2600521","Hotel Van Zandt","4","-97.7391114","",""
