"CreatedBy","CreatedDateTime","LastUpdatedBy","LastUpdatedDateTime","opinion_id","opinion_question_id","question","question_type","SoftDeleteFlag"
"","'16-May-2019 14:57:26","","'16-May-2019 14:57:26","12","1","Did the session improve your understanding of the topic?","3",""
"","'16-May-2019 14:57:26","","'16-May-2019 14:57:26","12","2","What do you think we should continue doing while organizing these kind of sessions?","1",""
"","'16-May-2019 14:57:26","","'16-May-2019 14:57:26","12","3","What do you think we should improve while organizing these kind of sessions?","1",""
"","'16-May-2019 15:07:23","","'16-May-2019 15:07:23","13","4","How many lines of code per controller would you consider as low code?","3",""
"","'16-May-2019 15:13:07","","'16-May-2019 15:13:07","14","5","How many years of experience should be the sufficient for someone to fit into a low-code developer role?","3",""
"","'16-May-2019 15:51:50","","'16-May-2019 15:51:50","15","6","What should be the development duration to classify a platform as Rapid App Development Platform","3",""
"","'17-May-2019 10:44:52","","'17-May-2019 10:44:52","16","7","How many years of experience would you look for when hiring a candidate for the low code developer role?","3",""
"","'17-May-2019 10:46:43","","'17-May-2019 10:46:43","17","8","How would you rate the overall quality of the session?","3",""
"","'17-May-2019 10:46:43","","'17-May-2019 10:46:43","17","9","What do you think we should continue doing while organising such events?","1",""
"","'17-May-2019 10:46:43","","'17-May-2019 10:46:43","17","10","What do you think we should start doing to make these events better?","1",""
