"CreatedBy","CreatedDateTime","event_id","LastUpdatedBy","LastUpdatedDateTime","opinion_id","opinion_status","opinion_type","session_id","SoftDeleteFlag","title","is_result_generated"
"","'16-May-2019 14:57:18","3","","'16-May-2019 14:57:18","12","true","2","","","Feedback Survey",""
"","'16-May-2019 15:07:21","3","","'16-May-2019 15:07:21","13","true","1","6","","Low Code App Development",""
"","'16-May-2019 15:13:05","3","","'16-May-2019 15:13:05","14","true","1","6","","Low-code Developer",""
"","'16-May-2019 15:51:47","3","","'16-May-2019 15:51:47","15","true","1","11","","Rapid App Time Fram",""
"","'17-May-2019 10:44:50","4","","'17-May-2019 10:44:50","16","true","1","14","","Low Code Developer",""
"","'17-May-2019 10:46:42","4","","'17-May-2019 10:46:42","17","true","2","","","Feedback Survey",""
