"CreatedBy","CreatedDateTime","LastUpdatedBy","LastUpdatedDateTime","mimetype","name","session_id","session_material_id","SoftDeleteFlag","url"
"","'16-May-2019 14:11:07","","'16-May-2019 14:11:07","","Kony Quantum Data Sheet FINAL 0319.pdf","3","1","","https://s3.amazonaws.com/volumeplay/1/1558015853.pdf"
"","'16-May-2019 14:12:50","","'16-May-2019 14:12:50","","Kony-StayAhead_eBook.pdf","4","2","","https://s3.amazonaws.com/volumeplay/1/1558015954.pdf"
"","'16-May-2019 14:13:24","","'16-May-2019 14:13:24","","7 Factors to Low-Code MB.pdf","6","3","","https://s3.amazonaws.com/volumeplay/1/1558015987.pdf"
"","'17-May-2019 10:36:21","","'17-May-2019 10:36:21","","7 Factors to Low-Code MB.pdf","14","4","","https://s3.amazonaws.com/volumeplay/1/1558089260.pdf"
"","'17-May-2019 10:38:17","","'17-May-2019 10:38:17","","7 Factors to Low-Code MB.pdf","15","5","","https://s3.amazonaws.com/volumeplay/1/1558089443.pdf"
"","'17-May-2019 10:39:55","","'17-May-2019 10:39:55","","7 Factors to Low-Code MB.pdf","16","6","","https://s3.amazonaws.com/volumeplay/1/1558089555.pdf"
