"CreatedBy","CreatedDateTime","first_name","last_name","LastUpdatedBy","LastUpdatedDateTime","login_mode","mail","profile","SoftDeleteFlag","user_id","is_profile_visible","phone","user_name","profile_pic_url"
"","'15-May-2019 13:58:13","Admin","Kony","","'15-May-2019 13:58:13","1","admin@kony.com","","","1","","","",""
"","'16-May-2019 09:39:54","Elizabeth","Dawson","","'16-May-2019 09:39:54","","elizabeth.dawson@kony.com","","","18","true","","Elizabeth Dawson","https://marketplace-assest.s3.amazonaws.com/MayerBrown/user_profile/female-executive-01.png"
"","'16-May-2019 09:39:54","Kathy","Sanchez","","'16-May-2019 09:39:54","","kathy.sanchez@kony.com","","","19","true","","Kathy Sanchez","https://marketplace-assest.s3.amazonaws.com/MayerBrown/user_profile/female-executive-02.png"
"","'16-May-2019 09:39:54","Margaret","Taylor","","'16-May-2019 09:39:54","","margaret.taylor@kony.com","","","20","true","","Margaret Taylor","https://marketplace-assest.s3.amazonaws.com/MayerBrown/user_profile/female-executive-03.png"
"","'16-May-2019 09:39:54","Rebecca","Francis","","'16-May-2019 09:39:54","","rebecca.francis@kony.com","","","21","true","","Rebecca Francis","https://marketplace-assest.s3.amazonaws.com/MayerBrown/user_profile/female-executive-04.png"
"","'16-May-2019 09:39:54","Sharon","Young","","'16-May-2019 09:39:54","","sharon.young@kony.com","","","22","true","","Sharon Young","https://marketplace-assest.s3.amazonaws.com/MayerBrown/user_profile/female-executive-05.png"
"","'16-May-2019 09:39:54","Alex","Sion","","'03-Jul-2019 20:25:02","","alex.sion@kony.com","","false","23","true","(707) 140-9986","Alex Sion","https://s3.amazonaws.com/volumeplay/1/1562158038.png"
"","'16-May-2019 09:39:54","Ben","Cortez","","'16-May-2019 09:39:54","","ben.cortez@kony.com","","","24","true","","Ben Cortez","https://marketplace-assest.s3.amazonaws.com/MayerBrown/user_profile/male-executive-02.png"
"","'16-May-2019 09:39:54","Dan","Marous","","'16-May-2019 09:39:54","","dan.marous@kony.com","","","25","true","","Dan Marous","https://marketplace-assest.s3.amazonaws.com/MayerBrown/user_profile/male-executive-03.png"
"","'16-May-2019 09:39:54","Dawn","Edwards","","'16-May-2019 09:39:54","","dawn.edwards@kony.com","","","26","true","","Dawn Edwards","https://marketplace-assest.s3.amazonaws.com/MayerBrown/user_profile/male-executive-04.png"
"","'16-May-2019 09:39:54","Jared","Ridge","","'16-May-2019 09:39:54","","jared.ridge@kony.com","","","27","true","","Jared Ridge","https://marketplace-assest.s3.amazonaws.com/MayerBrown/user_profile/male-executive-05.png"
"","'16-May-2019 09:39:54","Jeremiah","Crosman","","'16-May-2019 09:39:54","","jeremiah.crosman@kony.com","","","28","true","","Jeremiah Crosman","https://marketplace-assest.s3.amazonaws.com/MayerBrown/user_profile/male-executive-06.png"
"","'16-May-2019 09:39:54","Jim","Latimore","","'16-May-2019 09:39:54","","jim.latimore@kony.com","","","29","true","","Jim Latimore","https://marketplace-assest.s3.amazonaws.com/MayerBrown/user_profile/male-executive-07.png"
"","'16-May-2019 09:39:54","Omar","Mohammed","","'16-May-2019 09:39:54","","omar.mohammed@kony.com","","","30","true","","Omar Mohammed","https://marketplace-assest.s3.amazonaws.com/MayerBrown/user_profile/male-executive-08.png"
"","'16-May-2019 09:39:54","Robert","William","","'16-May-2019 09:39:54","","robert.william@kony.com","","","31","true","","Robert William","https://marketplace-assest.s3.amazonaws.com/MayerBrown/user_profile/male-executive-09.png"
"","'16-May-2019 09:39:54","Santo","Cannone","","'16-May-2019 09:39:54","","santo.cannone@kony.com","","","32","true","","Santo Cannone","https://marketplace-assest.s3.amazonaws.com/MayerBrown/user_profile/male-executive-10.png"
"","'05-Jul-2019 06:47:02","Reusable","Component","","'05-Jul-2019 06:47:02","","","","","600","","","","urn:li:digitalmediaAsset:C4D03AQHEHyRRpLilyg"
"","'05-Jul-2019 06:56:33","Reusable","Component","","'05-Jul-2019 06:56:33","","","","","601","","","","urn:li:digitalmediaAsset:C4D03AQHEHyRRpLilyg"
"","'05-Jul-2019 06:57:15","Reusable","Component","","'05-Jul-2019 06:57:15","","","","","602","","","","urn:li:digitalmediaAsset:C4D03AQHEHyRRpLilyg"
"","'05-Jul-2019 07:28:24","Reusable","Component","","'05-Jul-2019 07:28:24","","","","","603","","","","urn:li:digitalmediaAsset:C4D03AQHEHyRRpLilyg"
